{
    "version": 1,
    "author": "Yasiva",
    "editor": "wokwi",
    "parts": [
        {
            "type": "board-esp32-devkit-c-v4",
            "id": "esp",
            "top": 0,
            "left": 0,
            "attrs": {}
        },
        {
            "type": "wokwi-relay-module",
            "id": "relay1",
            "top": -67,
            "left": 182.4,
            "attrs": {}
        },
        {
            "type": "wokwi-pushbutton",
            "id": "btn1",
            "top": 83,
            "left": 182.4,
            "attrs": {
                "color": "green",
                "xray": "1"
            }
        },
        {
            "type": "wokwi-led",
            "id": "led1",
            "top": 140.4,
            "left": 138.2,
            "attrs": {
                "color": "red"
            }
        }
    ],
    "connections": [
        [
            "esp:TX",
            "$serialMonitor:RX",
            "",
            []
        ],
        [
            "esp:RX",
            "$serialMonitor:TX",
            "",
            []
        ],
        [
            "esp:3V3",
            "relay1:VCC",
            "red",
            [
                "v-76.8",
                "h177.79"
            ]
        ],
        [
            "esp:GND.2",
            "relay1:GND",
            "black",
            [
                "v0"
            ]
        ],
        [
            "esp:23",
            "relay1:IN",
            "green",
            [
                "h24.04",
                "v-67.2",
                "h57.6"
            ]
        ],
        [
            "esp:GND.2",
            "btn1:2.l",
            "green",
            [
                "h43.24",
                "v28.6"
            ]
        ],
        [
            "esp:19",
            "btn1:1.l",
            "green",
            [
                "h0"
            ]
        ],
        [
            "esp:18",
            "led1:A",
            "green",
            [
                "h81.64",
                "v76.8",
                "h-19.2"
            ]
        ],
        [
            "esp:GND.2",
            "led1:C",
            "green",
            [
                "h33.64",
                "v153.6"
            ]
        ]
    ],
    "dependencies": {}
}